Intervalo QT,Duración Onda T,Duración Onda P
0.830625,0.830625,0.831333
0.81875,0.81875,0.815333
0.725789,0.725789,0.727222
0.807,0.807,0.805263
0.671304,0.671304,0.662727
0.9075,0.9075,0.907333
0.766667,0.766667,0.7655
0.7195,0.7195,0.721579
