,count,mean,std,min,25%,50%,75%,max
age,296.0,54.523648648648646,9.059471017493888,29.0,48.0,56.0,61.0,77.0
resting_blood_pressure,296.0,131.60472972972974,17.72662016007529,94.0,120.0,130.0,140.0,200.0
cholesterol,296.0,247.15540540540542,51.9770109336599,126.0,211.0,242.5,275.25,564.0
max_heart_rate_achieved,296.0,149.5608108108108,22.9707924647584,71.0,133.0,152.5,166.0,202.0
st_depression,296.0,1.0591216216216217,1.1664742931944379,0.0,0.0,0.8,1.6500000000000001,6.2
num_major_vessels,296.0,0.6790540540540541,0.9397261323640606,0.0,0.0,0.0,1.0,3.0
target,296.0,0.5405405405405406,0.49919770721956064,0.0,0.0,1.0,1.0,1.0
